{
    "version": 2,
    "name": "venia",
    "alias": [
        "magento-venia-develop"
    ],
    "scope": "magento-research",
    "env": {
        "UPWARD_JS_BIND_LOCAL": "false",
        "USE_FASTLY": "1",
        "MAGENTO_BACKEND_URL": "https://master-7rqtwti-xjmpcdjpe6kzm.us-4.magentosite.cloud/",
        "NODE_ENV": "production"
    },
    "build": {
        "env": {
            "MAGENTO_BACKEND_URL": "https://master-7rqtwti-xjmpcdjpe6kzm.us-4.magentosite.cloud/"
        }
    },
    "builds": [
        {
            "src": "packages/venia-concept/package.json",
            "use": "@now/static-build"
        },
        {
            "config": {
                "includeFiles": [
                    "package.json",
                    ".env",
                    "venia-upward.yml",
                    "static/*",
                    "templates/*"
                ],
                "maxLambdaSize": "20mb"
            },
            "src": "packages/venia-concept/server-lambda.js",
            "use": "@now/node"
        }
    ],
    "routes": [
        {
            "src": "^/([0-9A-Fa-e]\\.svg)",
            "dest": "packages/venia-concept/$1"
        },
        {
            "src": "^/(precache-manifest.*\\.js)",
            "dest": "packages/venia-concept/$1"
        },
        {
            "src": "^/(sw\\.js)",
            "dest": "packages/venia-concept/$1"
        },
        {
            "src": "^/(js/.*\\.js)",
            "dest": "packages/venia-concept/$1"
        },
        {
            "src": "/(.*)",
            "dest": "packages/venia-concept/server-lambda.js"
        }
    ],
    "regions": [
        "sfo1",
        "bru"
    ],
    "public": true
}
